test/epoch,test/precision,test/Spearman's Rank Correlation (Median),test/Spearman's Rank Correlation (Average),test/F1,test/rssd_absolute,test/mean_rssd,test/sum_rssd,num_cells,checkpoint_path,save_idx,epoch,checkpoint_dir
249,0.2603825354065804,0.4939561310009573,0.3978702588008146,0.2603825354065804,19.83012131132615,3.79243163472046,83.43349596385012,3851,/nfs/team361/mv11/outputs/2025-08-22/11-06-41-MERFISH_mouse_cortex/checkpoints/epoch=249.ckpt,mouse2_slice280_0,249,/nfs/team361/mv11/scgg-reproducibility/experiments/LUNA/MERFISH_mouse_cortex_test_only/model_11-06-41-MERFISH_epoch_249
249,0.2136004640578287,0.3361451415807291,0.2635065835399695,0.2136004640578287,9.743074560370824,1.5310943763548854,35.215170656162364,670,/nfs/team361/mv11/outputs/2025-08-22/11-06-41-MERFISH_mouse_cortex/checkpoints/epoch=249.ckpt,mouse2_slice20_0,249,/nfs/team361/mv11/scgg-reproducibility/experiments/LUNA/MERFISH_mouse_cortex_test_only/model_11-06-41-MERFISH_epoch_249
249,0.2699329237620782,0.5292719365940073,0.4413305482175405,0.2699329237620782,19.18438645871005,3.760675438869241,82.73485965512329,4360,/nfs/team361/mv11/outputs/2025-08-22/11-06-41-MERFISH_mouse_cortex/checkpoints/epoch=249.ckpt,mouse2_slice289_0,249,/nfs/team361/mv11/scgg-reproducibility/experiments/LUNA/MERFISH_mouse_cortex_test_only/model_11-06-41-MERFISH_epoch_249
249,0.2473465383293535,0.3950884749584299,0.3067693197411905,0.2473465383293535,23.115965611536435,4.2459908623405695,97.65778983383308,5180,/nfs/team361/mv11/outputs/2025-08-22/11-06-41-MERFISH_mouse_cortex/checkpoints/epoch=249.ckpt,mouse2_slice109_0,249,/nfs/team361/mv11/scgg-reproducibility/experiments/LUNA/MERFISH_mouse_cortex_test_only/model_11-06-41-MERFISH_epoch_249
249,0.2442844783457001,0.3978196820256532,0.3303651713175223,0.2442844783457001,23.19486168403176,4.213129691820416,96.90198291186957,4946,/nfs/team361/mv11/outputs/2025-08-22/11-06-41-MERFISH_mouse_cortex/checkpoints/epoch=249.ckpt,mouse2_slice90_0,249,/nfs/team361/mv11/scgg-reproducibility/experiments/LUNA/MERFISH_mouse_cortex_test_only/model_11-06-41-MERFISH_epoch_249
249,0.2421359232664792,0.343422907672702,0.2986165185777569,0.2421359232664792,15.973000161798195,2.6219994934079667,60.30598834838323,2037,/nfs/team361/mv11/outputs/2025-08-22/11-06-41-MERFISH_mouse_cortex/checkpoints/epoch=249.ckpt,mouse2_slice31_0,249,/nfs/team361/mv11/scgg-reproducibility/experiments/LUNA/MERFISH_mouse_cortex_test_only/model_11-06-41-MERFISH_epoch_249
249,0.2677358981921322,0.4999927419343539,0.3957790330059939,0.2677358981921322,20.446934037754176,3.749726961878088,86.24372012319601,5050,/nfs/team361/mv11/outputs/2025-08-22/11-06-41-MERFISH_mouse_cortex/checkpoints/epoch=249.ckpt,mouse2_slice169_0,249,/nfs/team361/mv11/scgg-reproducibility/experiments/LUNA/MERFISH_mouse_cortex_test_only/model_11-06-41-MERFISH_epoch_249
249,0.2998897403558151,0.5466435447024588,0.4396665613976173,0.2998897403558151,20.092978002556137,3.929569863878849,86.45053700533468,5047,/nfs/team361/mv11/outputs/2025-08-22/11-06-41-MERFISH_mouse_cortex/checkpoints/epoch=249.ckpt,mouse2_slice229_0,249,/nfs/team361/mv11/scgg-reproducibility/experiments/LUNA/MERFISH_mouse_cortex_test_only/model_11-06-41-MERFISH_epoch_249
249,0.2596841311563001,0.4350194503355379,0.3463774506162663,0.2596841311563001,23.773183460818668,4.410402444769069,101.4392562296886,5235,/nfs/team361/mv11/outputs/2025-08-22/11-06-41-MERFISH_mouse_cortex/checkpoints/epoch=249.ckpt,mouse2_slice99_0,249,/nfs/team361/mv11/scgg-reproducibility/experiments/LUNA/MERFISH_mouse_cortex_test_only/model_11-06-41-MERFISH_epoch_249
249,0.2419645468983545,0.4132829316390125,0.3469557197972042,0.2419645468983545,20.509025939726268,3.637851622479984,83.67058731703963,3870,/nfs/team361/mv11/outputs/2025-08-22/11-06-41-MERFISH_mouse_cortex/checkpoints/epoch=249.ckpt,mouse2_slice79_0,249,/nfs/team361/mv11/scgg-reproducibility/experiments/LUNA/MERFISH_mouse_cortex_test_only/model_11-06-41-MERFISH_epoch_249
249,0.2512244943962542,0.4498983486489803,0.4043450334333593,0.2512244943962542,20.92554910220719,4.018394552059435,88.40468014530758,4317,/nfs/team361/mv11/outputs/2025-08-22/11-06-41-MERFISH_mouse_cortex/checkpoints/epoch=249.ckpt,mouse2_slice209_0,249,/nfs/team361/mv11/scgg-reproducibility/experiments/LUNA/MERFISH_mouse_cortex_test_only/model_11-06-41-MERFISH_epoch_249
249,0.2585751281644733,0.5580868365324065,0.477187996203382,0.2585751281644733,18.42628261114513,3.6021086018374864,79.2463892404247,4081,/nfs/team361/mv11/outputs/2025-08-22/11-06-41-MERFISH_mouse_cortex/checkpoints/epoch=249.ckpt,mouse2_slice270_0,249,/nfs/team361/mv11/scgg-reproducibility/experiments/LUNA/MERFISH_mouse_cortex_test_only/model_11-06-41-MERFISH_epoch_249
249,0.2850086447114957,0.5548891354050409,0.4662349622099552,0.2850086447114957,18.95728480563257,3.6314158335251694,79.89114833755374,4052,/nfs/team361/mv11/outputs/2025-08-22/11-06-41-MERFISH_mouse_cortex/checkpoints/epoch=249.ckpt,mouse2_slice249_0,249,/nfs/team361/mv11/scgg-reproducibility/experiments/LUNA/MERFISH_mouse_cortex_test_only/model_11-06-41-MERFISH_epoch_249
249,0.2550371932521376,0.4734637681914883,0.3864873784652959,0.2550371932521376,17.40596182930522,3.407687910658369,74.96913403448411,3564,/nfs/team361/mv11/outputs/2025-08-22/11-06-41-MERFISH_mouse_cortex/checkpoints/epoch=249.ckpt,mouse2_slice261_0,249,/nfs/team361/mv11/scgg-reproducibility/experiments/LUNA/MERFISH_mouse_cortex_test_only/model_11-06-41-MERFISH_epoch_249
249,0.2191227509361585,0.4021384891405,0.3550337640317719,0.2191227509361585,20.719522192958,3.93693738805132,86.61262253712904,4186,/nfs/team361/mv11/outputs/2025-08-22/11-06-41-MERFISH_mouse_cortex/checkpoints/epoch=249.ckpt,mouse2_slice139_0,249,/nfs/team361/mv11/scgg-reproducibility/experiments/LUNA/MERFISH_mouse_cortex_test_only/model_11-06-41-MERFISH_epoch_249
249,0.2587837492982187,0.507481386249448,0.4188233030224825,0.2587837492982187,15.618843896372631,3.0372875516440243,66.82032613616853,2800,/nfs/team361/mv11/outputs/2025-08-22/11-06-41-MERFISH_mouse_cortex/checkpoints/epoch=249.ckpt,mouse2_slice319_0,249,/nfs/team361/mv11/scgg-reproducibility/experiments/LUNA/MERFISH_mouse_cortex_test_only/model_11-06-41-MERFISH_epoch_249
249,0.2393086956267323,0.4165810816439295,0.32015420446554,0.2393086956267323,22.277278850270346,4.31321127610883,94.89064807439424,4529,/nfs/team361/mv11/outputs/2025-08-22/11-06-41-MERFISH_mouse_cortex/checkpoints/epoch=249.ckpt,mouse2_slice160_0,249,/nfs/team361/mv11/scgg-reproducibility/experiments/LUNA/MERFISH_mouse_cortex_test_only/model_11-06-41-MERFISH_epoch_249
249,0.2749551485355134,0.4509727300909822,0.3603268701679341,0.2749551485355134,22.065066363247563,4.0972642844943525,94.23707854337012,5021,/nfs/team361/mv11/outputs/2025-08-22/11-06-41-MERFISH_mouse_cortex/checkpoints/epoch=249.ckpt,mouse2_slice119_0,249,/nfs/team361/mv11/scgg-reproducibility/experiments/LUNA/MERFISH_mouse_cortex_test_only/model_11-06-41-MERFISH_epoch_249
249,0.2507199334432975,0.4476389602988786,0.3393009356752793,0.2507199334432975,21.70130739363238,4.111041845639588,94.55396244971053,4991,/nfs/team361/mv11/outputs/2025-08-22/11-06-41-MERFISH_mouse_cortex/checkpoints/epoch=249.ckpt,mouse2_slice151_0,249,/nfs/team361/mv11/scgg-reproducibility/experiments/LUNA/MERFISH_mouse_cortex_test_only/model_11-06-41-MERFISH_epoch_249
249,0.2400370944610659,0.4492383810455451,0.37499283882928,0.2400370944610659,20.64262149539853,3.9336041761118334,86.53929187446033,4389,/nfs/team361/mv11/outputs/2025-08-22/11-06-41-MERFISH_mouse_cortex/checkpoints/epoch=249.ckpt,mouse2_slice189_0,249,/nfs/team361/mv11/scgg-reproducibility/experiments/LUNA/MERFISH_mouse_cortex_test_only/model_11-06-41-MERFISH_epoch_249
249,0.2750614836259396,0.4919652519161369,0.3870529354572533,0.2750614836259396,18.0907740570378,3.4840908256096883,76.64999816341314,3560,/nfs/team361/mv11/outputs/2025-08-22/11-06-41-MERFISH_mouse_cortex/checkpoints/epoch=249.ckpt,mouse2_slice219_0,249,/nfs/team361/mv11/scgg-reproducibility/experiments/LUNA/MERFISH_mouse_cortex_test_only/model_11-06-41-MERFISH_epoch_249
249,0.2277702907120657,0.3519628823326992,0.2689861296416008,0.2277702907120657,15.00546665224406,2.5922258531283533,57.02896876882377,1706,/nfs/team361/mv11/outputs/2025-08-22/11-06-41-MERFISH_mouse_cortex/checkpoints/epoch=249.ckpt,mouse2_slice1_0,249,/nfs/team361/mv11/scgg-reproducibility/experiments/LUNA/MERFISH_mouse_cortex_test_only/model_11-06-41-MERFISH_epoch_249
249,0.2608063114162381,0.5439318402675138,0.445955305774695,0.2608063114162381,16.269786479808438,3.10672219495669,68.34788828904718,3296,/nfs/team361/mv11/outputs/2025-08-22/11-06-41-MERFISH_mouse_cortex/checkpoints/epoch=249.ckpt,mouse2_slice309_0,249,/nfs/team361/mv11/scgg-reproducibility/experiments/LUNA/MERFISH_mouse_cortex_test_only/model_11-06-41-MERFISH_epoch_249
249,0.2455942784146553,0.4158814938979509,0.2934342229931799,0.2455942784146553,22.384331623718,4.193280489514272,96.44545125882824,5155,/nfs/team361/mv11/outputs/2025-08-22/11-06-41-MERFISH_mouse_cortex/checkpoints/epoch=249.ckpt,mouse2_slice129_0,249,/nfs/team361/mv11/scgg-reproducibility/experiments/LUNA/MERFISH_mouse_cortex_test_only/model_11-06-41-MERFISH_epoch_249
249,0.26988075994361,0.5259207995263445,0.4284214888543217,0.26988075994361,18.17023253416718,3.454134235025738,75.99095317056623,3733,/nfs/team361/mv11/outputs/2025-08-22/11-06-41-MERFISH_mouse_cortex/checkpoints/epoch=249.ckpt,mouse2_slice201_0,249,/nfs/team361/mv11/scgg-reproducibility/experiments/LUNA/MERFISH_mouse_cortex_test_only/model_11-06-41-MERFISH_epoch_249
249,0.2693036286579552,0.5143695655275503,0.4462050389831437,0.2693036286579552,15.773006761239603,3.0568029057748927,67.24966392704764,3780,/nfs/team361/mv11/outputs/2025-08-22/11-06-41-MERFISH_mouse_cortex/checkpoints/epoch=249.ckpt,mouse2_slice300_0,249,/nfs/team361/mv11/scgg-reproducibility/experiments/LUNA/MERFISH_mouse_cortex_test_only/model_11-06-41-MERFISH_epoch_249
249,0.2493895297838342,0.3876810635513971,0.3365248310850854,0.2493895297838342,17.83749581222609,3.10656173523104,71.45091991031393,2905,/nfs/team361/mv11/outputs/2025-08-22/11-06-41-MERFISH_mouse_cortex/checkpoints/epoch=249.ckpt,mouse2_slice50_0,249,/nfs/team361/mv11/scgg-reproducibility/experiments/LUNA/MERFISH_mouse_cortex_test_only/model_11-06-41-MERFISH_epoch_249
249,0.2590401426316162,0.442451115571176,0.3824432354533926,0.2590401426316162,18.23418057772533,3.348440495231922,73.66569089510229,3192,/nfs/team361/mv11/outputs/2025-08-22/11-06-41-MERFISH_mouse_cortex/checkpoints/epoch=249.ckpt,mouse2_slice40_0,249,/nfs/team361/mv11/scgg-reproducibility/experiments/LUNA/MERFISH_mouse_cortex_test_only/model_11-06-41-MERFISH_epoch_249
249,0.2730784189800185,0.4475555254848167,0.3806059704823781,0.2730784189800185,20.913285846921287,3.70320499413452,85.17371486509397,4057,/nfs/team361/mv11/outputs/2025-08-22/11-06-41-MERFISH_mouse_cortex/checkpoints/epoch=249.ckpt,mouse2_slice70_0,249,/nfs/team361/mv11/scgg-reproducibility/experiments/LUNA/MERFISH_mouse_cortex_test_only/model_11-06-41-MERFISH_epoch_249
249,0.1779476956948618,0.1638326499945377,0.1509122066116276,0.1779476956948618,14.087120887111396,2.5491902316998183,50.98380463399637,1160,/nfs/team361/mv11/outputs/2025-08-22/11-06-41-MERFISH_mouse_cortex/checkpoints/epoch=249.ckpt,mouse2_slice10_0,249,/nfs/team361/mv11/scgg-reproducibility/experiments/LUNA/MERFISH_mouse_cortex_test_only/model_11-06-41-MERFISH_epoch_249
249,0.2619631131658379,0.41008408048775,0.3690329860478639,0.2619631131658379,18.01962234419175,3.1924665957644875,73.42673170258321,3316,/nfs/team361/mv11/outputs/2025-08-22/11-06-41-MERFISH_mouse_cortex/checkpoints/epoch=249.ckpt,mouse2_slice61_0,249,/nfs/team361/mv11/scgg-reproducibility/experiments/LUNA/MERFISH_mouse_cortex_test_only/model_11-06-41-MERFISH_epoch_249
499,0.2571841735721695,0.4612342897922319,0.367208680702043,0.2571841735721695,20.22115757000965,3.873225260292394,85.21095572643267,3851,/nfs/team361/mv11/outputs/2025-08-22/11-06-41-MERFISH_mouse_cortex/checkpoints/epoch=499.ckpt,mouse2_slice280_0,499,/nfs/team361/mv11/scgg-reproducibility/experiments/LUNA/MERFISH_mouse_cortex_test_only/model_11-06-41-MERFISH_epoch_499
499,0.2131096336620409,0.2813191598828217,0.2392193072809549,0.2131096336620409,10.051879178154596,1.5592400728519331,35.862521675594465,670,/nfs/team361/mv11/outputs/2025-08-22/11-06-41-MERFISH_mouse_cortex/checkpoints/epoch=499.ckpt,mouse2_slice20_0,499,/nfs/team361/mv11/scgg-reproducibility/experiments/LUNA/MERFISH_mouse_cortex_test_only/model_11-06-41-MERFISH_epoch_499
499,0.2779128282515769,0.4919825095017628,0.4058328696506446,0.2779128282515769,19.960004511204424,3.9072506121519583,85.95951346734309,4360,/nfs/team361/mv11/outputs/2025-08-22/11-06-41-MERFISH_mouse_cortex/checkpoints/epoch=499.ckpt,mouse2_slice289_0,499,/nfs/team361/mv11/scgg-reproducibility/experiments/LUNA/MERFISH_mouse_cortex_test_only/model_11-06-41-MERFISH_epoch_499
499,0.244518067843034,0.3923340530995404,0.2990308703027664,0.244518067843034,23.889224981642467,4.430650653605258,101.90496503292094,5180,/nfs/team361/mv11/outputs/2025-08-22/11-06-41-MERFISH_mouse_cortex/checkpoints/epoch=499.ckpt,mouse2_slice109_0,499,/nfs/team361/mv11/scgg-reproducibility/experiments/LUNA/MERFISH_mouse_cortex_test_only/model_11-06-41-MERFISH_epoch_499
499,0.250966147626376,0.4027405446520775,0.3229980209213905,0.250966147626376,23.80390915352561,4.339051528427158,99.79818515382463,4946,/nfs/team361/mv11/outputs/2025-08-22/11-06-41-MERFISH_mouse_cortex/checkpoints/epoch=499.ckpt,mouse2_slice90_0,499,/nfs/team361/mv11/scgg-reproducibility/experiments/LUNA/MERFISH_mouse_cortex_test_only/model_11-06-41-MERFISH_epoch_499
499,0.2656690794581587,0.4042584007661883,0.340251071173151,0.2656690794581587,15.895478421125707,2.557871331427494,58.83104062283236,2037,/nfs/team361/mv11/outputs/2025-08-22/11-06-41-MERFISH_mouse_cortex/checkpoints/epoch=499.ckpt,mouse2_slice31_0,499,/nfs/team361/mv11/scgg-reproducibility/experiments/LUNA/MERFISH_mouse_cortex_test_only/model_11-06-41-MERFISH_epoch_499
499,0.2673829215795781,0.4719521608955705,0.3494819499966669,0.2673829215795781,21.81638072122565,3.9468527569529184,90.77761340991712,5050,/nfs/team361/mv11/outputs/2025-08-22/11-06-41-MERFISH_mouse_cortex/checkpoints/epoch=499.ckpt,mouse2_slice169_0,499,/nfs/team361/mv11/scgg-reproducibility/experiments/LUNA/MERFISH_mouse_cortex_test_only/model_11-06-41-MERFISH_epoch_499
499,0.2922375325713585,0.5215261822966692,0.4034408296488532,0.2922375325713585,21.232668116104914,4.14345103183928,91.15592270046416,5047,/nfs/team361/mv11/outputs/2025-08-22/11-06-41-MERFISH_mouse_cortex/checkpoints/epoch=499.ckpt,mouse2_slice229_0,499,/nfs/team361/mv11/scgg-reproducibility/experiments/LUNA/MERFISH_mouse_cortex_test_only/model_11-06-41-MERFISH_epoch_499
499,0.2690126051186898,0.4529309939851202,0.3507816088621107,0.2690126051186898,23.825375486386395,4.364926177661796,100.39330208622133,5235,/nfs/team361/mv11/outputs/2025-08-22/11-06-41-MERFISH_mouse_cortex/checkpoints/epoch=499.ckpt,mouse2_slice99_0,499,/nfs/team361/mv11/scgg-reproducibility/experiments/LUNA/MERFISH_mouse_cortex_test_only/model_11-06-41-MERFISH_epoch_499
499,0.2592222544282984,0.4438677146572829,0.3557667591298124,0.2592222544282984,20.50011468520643,3.675341885858913,84.53286337475501,3870,/nfs/team361/mv11/outputs/2025-08-22/11-06-41-MERFISH_mouse_cortex/checkpoints/epoch=499.ckpt,mouse2_slice79_0,499,/nfs/team361/mv11/scgg-reproducibility/experiments/LUNA/MERFISH_mouse_cortex_test_only/model_11-06-41-MERFISH_epoch_499
499,0.268132875487463,0.4521219250715441,0.3795758322798149,0.268132875487463,21.58128005466597,4.174081188790088,91.82978615338192,4317,/nfs/team361/mv11/outputs/2025-08-22/11-06-41-MERFISH_mouse_cortex/checkpoints/epoch=499.ckpt,mouse2_slice209_0,499,/nfs/team361/mv11/scgg-reproducibility/experiments/LUNA/MERFISH_mouse_cortex_test_only/model_11-06-41-MERFISH_epoch_499
499,0.2700678899347046,0.5173582308174445,0.449179700546911,0.2700678899347046,19.02246262586965,3.663712246951003,80.60166943292207,4081,/nfs/team361/mv11/outputs/2025-08-22/11-06-41-MERFISH_mouse_cortex/checkpoints/epoch=499.ckpt,mouse2_slice270_0,499,/nfs/team361/mv11/scgg-reproducibility/experiments/LUNA/MERFISH_mouse_cortex_test_only/model_11-06-41-MERFISH_epoch_499
499,0.2786216711159415,0.5098591961091232,0.4447852430103729,0.2786216711159415,19.30897315008253,3.6840436067223634,81.048959347892,4052,/nfs/team361/mv11/outputs/2025-08-22/11-06-41-MERFISH_mouse_cortex/checkpoints/epoch=499.ckpt,mouse2_slice249_0,499,/nfs/team361/mv11/scgg-reproducibility/experiments/LUNA/MERFISH_mouse_cortex_test_only/model_11-06-41-MERFISH_epoch_499
499,0.2515738029726252,0.460049230087834,0.383136418115595,0.2515738029726252,17.15753087935697,3.3478729707276305,73.65320535600787,3564,/nfs/team361/mv11/outputs/2025-08-22/11-06-41-MERFISH_mouse_cortex/checkpoints/epoch=499.ckpt,mouse2_slice261_0,499,/nfs/team361/mv11/scgg-reproducibility/experiments/LUNA/MERFISH_mouse_cortex_test_only/model_11-06-41-MERFISH_epoch_499
499,0.2204413645081742,0.3522018206460233,0.3075112336863651,0.2204413645081742,21.23968806592113,4.027144870947222,88.59718716083887,4186,/nfs/team361/mv11/outputs/2025-08-22/11-06-41-MERFISH_mouse_cortex/checkpoints/epoch=499.ckpt,mouse2_slice139_0,499,/nfs/team361/mv11/scgg-reproducibility/experiments/LUNA/MERFISH_mouse_cortex_test_only/model_11-06-41-MERFISH_epoch_499
499,0.2593502781605675,0.4443042278631486,0.3702492227263039,0.2593502781605675,16.716193345834462,3.1887007898759503,70.1514173772709,2800,/nfs/team361/mv11/outputs/2025-08-22/11-06-41-MERFISH_mouse_cortex/checkpoints/epoch=499.ckpt,mouse2_slice319_0,499,/nfs/team361/mv11/scgg-reproducibility/experiments/LUNA/MERFISH_mouse_cortex_test_only/model_11-06-41-MERFISH_epoch_499
499,0.2298125742417829,0.3838243671491966,0.2878318724203099,0.2298125742417829,23.053559688836103,4.509994610676688,99.21988143488711,4529,/nfs/team361/mv11/outputs/2025-08-22/11-06-41-MERFISH_mouse_cortex/checkpoints/epoch=499.ckpt,mouse2_slice160_0,499,/nfs/team361/mv11/scgg-reproducibility/experiments/LUNA/MERFISH_mouse_cortex_test_only/model_11-06-41-MERFISH_epoch_499
499,0.2658943989030931,0.452814440043815,0.3487038368261755,0.2658943989030931,22.658373543705054,4.193878190495357,96.4591983813932,5021,/nfs/team361/mv11/outputs/2025-08-22/11-06-41-MERFISH_mouse_cortex/checkpoints/epoch=499.ckpt,mouse2_slice119_0,499,/nfs/team361/mv11/scgg-reproducibility/experiments/LUNA/MERFISH_mouse_cortex_test_only/model_11-06-41-MERFISH_epoch_499
499,0.2461529936864286,0.4124232758397827,0.3128877557017537,0.2461529936864286,22.87409922482825,4.320943405547028,99.38169832758165,4991,/nfs/team361/mv11/outputs/2025-08-22/11-06-41-MERFISH_mouse_cortex/checkpoints/epoch=499.ckpt,mouse2_slice151_0,499,/nfs/team361/mv11/scgg-reproducibility/experiments/LUNA/MERFISH_mouse_cortex_test_only/model_11-06-41-MERFISH_epoch_499
499,0.2466065110540871,0.4248350750874173,0.3520399563080286,0.2466065110540871,21.48678009925064,4.055052698741808,89.21115937231978,4389,/nfs/team361/mv11/outputs/2025-08-22/11-06-41-MERFISH_mouse_cortex/checkpoints/epoch=499.ckpt,mouse2_slice189_0,499,/nfs/team361/mv11/scgg-reproducibility/experiments/LUNA/MERFISH_mouse_cortex_test_only/model_11-06-41-MERFISH_epoch_499
499,0.2671862125139305,0.4630268170563056,0.3553680838897782,0.2671862125139305,18.80301140827678,3.630456921215992,79.87005226675181,3560,/nfs/team361/mv11/outputs/2025-08-22/11-06-41-MERFISH_mouse_cortex/checkpoints/epoch=499.ckpt,mouse2_slice219_0,499,/nfs/team361/mv11/scgg-reproducibility/experiments/LUNA/MERFISH_mouse_cortex_test_only/model_11-06-41-MERFISH_epoch_499
499,0.2350793476168211,0.3529306918787239,0.2833173311677098,0.2350793476168211,15.049048542295862,2.496394152630817,54.92067135787797,1706,/nfs/team361/mv11/outputs/2025-08-22/11-06-41-MERFISH_mouse_cortex/checkpoints/epoch=499.ckpt,mouse2_slice1_0,499,/nfs/team361/mv11/scgg-reproducibility/experiments/LUNA/MERFISH_mouse_cortex_test_only/model_11-06-41-MERFISH_epoch_499
499,0.2667011653431943,0.4834452281231869,0.402104461221736,0.2667011653431943,17.06319643217539,3.265534719502156,71.84176382904742,3296,/nfs/team361/mv11/outputs/2025-08-22/11-06-41-MERFISH_mouse_cortex/checkpoints/epoch=499.ckpt,mouse2_slice309_0,499,/nfs/team361/mv11/scgg-reproducibility/experiments/LUNA/MERFISH_mouse_cortex_test_only/model_11-06-41-MERFISH_epoch_499
499,0.2409233967885712,0.3754343628633797,0.2791965470753947,0.2409233967885712,23.32264974800898,4.377061068231335,100.67240456932068,5155,/nfs/team361/mv11/outputs/2025-08-22/11-06-41-MERFISH_mouse_cortex/checkpoints/epoch=499.ckpt,mouse2_slice129_0,499,/nfs/team361/mv11/scgg-reproducibility/experiments/LUNA/MERFISH_mouse_cortex_test_only/model_11-06-41-MERFISH_epoch_499
499,0.2722279486288685,0.4838524739929935,0.3924668734760526,0.2722279486288685,18.97005010094292,3.613165265170032,79.4896358337407,3733,/nfs/team361/mv11/outputs/2025-08-22/11-06-41-MERFISH_mouse_cortex/checkpoints/epoch=499.ckpt,mouse2_slice201_0,499,/nfs/team361/mv11/scgg-reproducibility/experiments/LUNA/MERFISH_mouse_cortex_test_only/model_11-06-41-MERFISH_epoch_499
499,0.277219835039364,0.4778329426328686,0.4048810993995164,0.277219835039364,17.22677627246136,3.3352985045587715,73.37656710029297,3780,/nfs/team361/mv11/outputs/2025-08-22/11-06-41-MERFISH_mouse_cortex/checkpoints/epoch=499.ckpt,mouse2_slice300_0,499,/nfs/team361/mv11/scgg-reproducibility/experiments/LUNA/MERFISH_mouse_cortex_test_only/model_11-06-41-MERFISH_epoch_499
499,0.2598540561300693,0.3944851688912584,0.3410322394204167,0.2598540561300693,18.69512135988662,3.220857743704384,74.07972810520083,2905,/nfs/team361/mv11/outputs/2025-08-22/11-06-41-MERFISH_mouse_cortex/checkpoints/epoch=499.ckpt,mouse2_slice50_0,499,/nfs/team361/mv11/scgg-reproducibility/experiments/LUNA/MERFISH_mouse_cortex_test_only/model_11-06-41-MERFISH_epoch_499
499,0.281915394946631,0.4519395638896979,0.3929588049342865,0.281915394946631,18.554663566346218,3.384553860911826,74.46018494006017,3192,/nfs/team361/mv11/outputs/2025-08-22/11-06-41-MERFISH_mouse_cortex/checkpoints/epoch=499.ckpt,mouse2_slice40_0,499,/nfs/team361/mv11/scgg-reproducibility/experiments/LUNA/MERFISH_mouse_cortex_test_only/model_11-06-41-MERFISH_epoch_499
499,0.2934136321649083,0.4731233522397408,0.3942637408090024,0.2934136321649083,20.87820340444844,3.670032407178793,84.41074536511223,4057,/nfs/team361/mv11/outputs/2025-08-22/11-06-41-MERFISH_mouse_cortex/checkpoints/epoch=499.ckpt,mouse2_slice70_0,499,/nfs/team361/mv11/scgg-reproducibility/experiments/LUNA/MERFISH_mouse_cortex_test_only/model_11-06-41-MERFISH_epoch_499
499,0.1951146945940317,0.2160659958360808,0.1929658974026233,0.1951146945940317,13.532911768386748,2.4092620544913443,48.18524108982689,1160,/nfs/team361/mv11/outputs/2025-08-22/11-06-41-MERFISH_mouse_cortex/checkpoints/epoch=499.ckpt,mouse2_slice10_0,499,/nfs/team361/mv11/scgg-reproducibility/experiments/LUNA/MERFISH_mouse_cortex_test_only/model_11-06-41-MERFISH_epoch_499
499,0.2834540515658801,0.452575974813854,0.3916954633703857,0.2834540515658801,18.052384273348416,3.2238235584519344,74.1479418443945,3316,/nfs/team361/mv11/outputs/2025-08-22/11-06-41-MERFISH_mouse_cortex/checkpoints/epoch=499.ckpt,mouse2_slice61_0,499,/nfs/team361/mv11/scgg-reproducibility/experiments/LUNA/MERFISH_mouse_cortex_test_only/model_11-06-41-MERFISH_epoch_499
749,0.2683008753340339,0.4736119782192534,0.3774987314628288,0.2683008753340339,20.37941459195906,3.864155399556653,85.01141879024635,3851,/nfs/team361/mv11/outputs/2025-08-22/11-06-41-MERFISH_mouse_cortex/checkpoints/epoch=749.ckpt,mouse2_slice280_0,749,/nfs/team361/mv11/scgg-reproducibility/experiments/LUNA/MERFISH_mouse_cortex_test_only/model_11-06-41-MERFISH_epoch_749
749,0.2086475391548793,0.2789425790124714,0.2465117086791649,0.2086475391548793,9.893823803784256,1.522016668261005,35.006383370003114,670,/nfs/team361/mv11/outputs/2025-08-22/11-06-41-MERFISH_mouse_cortex/checkpoints/epoch=749.ckpt,mouse2_slice20_0,749,/nfs/team361/mv11/scgg-reproducibility/experiments/LUNA/MERFISH_mouse_cortex_test_only/model_11-06-41-MERFISH_epoch_749
749,0.2883141701972719,0.4978761937563295,0.4075653351830524,0.2883141701972719,20.18607146184961,3.9247513458655576,86.34452960904227,4360,/nfs/team361/mv11/outputs/2025-08-22/11-06-41-MERFISH_mouse_cortex/checkpoints/epoch=749.ckpt,mouse2_slice289_0,749,/nfs/team361/mv11/scgg-reproducibility/experiments/LUNA/MERFISH_mouse_cortex_test_only/model_11-06-41-MERFISH_epoch_749
749,0.2554763408210019,0.4177376265238443,0.3236415506791349,0.2554763408210019,22.997546451483057,4.268868742800812,98.18398108441868,5180,/nfs/team361/mv11/outputs/2025-08-22/11-06-41-MERFISH_mouse_cortex/checkpoints/epoch=749.ckpt,mouse2_slice109_0,749,/nfs/team361/mv11/scgg-reproducibility/experiments/LUNA/MERFISH_mouse_cortex_test_only/model_11-06-41-MERFISH_epoch_749
749,0.2580648590479337,0.4258569292049645,0.3434813489340352,0.2580648590479337,22.882937614726607,4.178537035596944,96.10635181872972,4946,/nfs/team361/mv11/outputs/2025-08-22/11-06-41-MERFISH_mouse_cortex/checkpoints/epoch=749.ckpt,mouse2_slice90_0,749,/nfs/team361/mv11/scgg-reproducibility/experiments/LUNA/MERFISH_mouse_cortex_test_only/model_11-06-41-MERFISH_epoch_749
749,0.2659921781189871,0.4184430163474702,0.3532461830676432,0.2659921781189871,15.201883029585863,2.445472616325889,56.24587017549545,2037,/nfs/team361/mv11/outputs/2025-08-22/11-06-41-MERFISH_mouse_cortex/checkpoints/epoch=749.ckpt,mouse2_slice31_0,749,/nfs/team361/mv11/scgg-reproducibility/experiments/LUNA/MERFISH_mouse_cortex_test_only/model_11-06-41-MERFISH_epoch_749
749,0.2721826191178408,0.4699782677674989,0.3500319899437402,0.2721826191178408,21.86950641211816,3.9441084976980143,90.71449544705432,5050,/nfs/team361/mv11/outputs/2025-08-22/11-06-41-MERFISH_mouse_cortex/checkpoints/epoch=749.ckpt,mouse2_slice169_0,749,/nfs/team361/mv11/scgg-reproducibility/experiments/LUNA/MERFISH_mouse_cortex_test_only/model_11-06-41-MERFISH_epoch_749
749,0.2994193306202969,0.5312990661571393,0.4174127421514282,0.2994193306202969,20.918056789793976,4.080662769697623,89.7745809333477,5047,/nfs/team361/mv11/outputs/2025-08-22/11-06-41-MERFISH_mouse_cortex/checkpoints/epoch=749.ckpt,mouse2_slice229_0,749,/nfs/team361/mv11/scgg-reproducibility/experiments/LUNA/MERFISH_mouse_cortex_test_only/model_11-06-41-MERFISH_epoch_749
749,0.2738381560862453,0.4566416448573082,0.3596654290930481,0.2738381560862453,23.08239886454948,4.232554436333487,97.3487520356702,5235,/nfs/team361/mv11/outputs/2025-08-22/11-06-41-MERFISH_mouse_cortex/checkpoints/epoch=749.ckpt,mouse2_slice99_0,749,/nfs/team361/mv11/scgg-reproducibility/experiments/LUNA/MERFISH_mouse_cortex_test_only/model_11-06-41-MERFISH_epoch_749
749,0.2667290900566486,0.4627105537306064,0.3765024274140699,0.2667290900566486,19.852688885857937,3.546500420283824,81.56950966652795,3870,/nfs/team361/mv11/outputs/2025-08-22/11-06-41-MERFISH_mouse_cortex/checkpoints/epoch=749.ckpt,mouse2_slice79_0,749,/nfs/team361/mv11/scgg-reproducibility/experiments/LUNA/MERFISH_mouse_cortex_test_only/model_11-06-41-MERFISH_epoch_749
749,0.2793435872774952,0.4624447937401528,0.3851877651934915,0.2793435872774952,21.22714762075788,4.099095443762281,90.18009976277018,4317,/nfs/team361/mv11/outputs/2025-08-22/11-06-41-MERFISH_mouse_cortex/checkpoints/epoch=749.ckpt,mouse2_slice209_0,749,/nfs/team361/mv11/scgg-reproducibility/experiments/LUNA/MERFISH_mouse_cortex_test_only/model_11-06-41-MERFISH_epoch_749
749,0.2855281048954745,0.5229097510575273,0.4507766883961686,0.2855281048954745,19.079894495293413,3.669988088383208,80.73973794443057,4081,/nfs/team361/mv11/outputs/2025-08-22/11-06-41-MERFISH_mouse_cortex/checkpoints/epoch=749.ckpt,mouse2_slice270_0,749,/nfs/team361/mv11/scgg-reproducibility/experiments/LUNA/MERFISH_mouse_cortex_test_only/model_11-06-41-MERFISH_epoch_749
749,0.2990022333694392,0.5380345785933572,0.4706967965576312,0.2990022333694392,18.81768638777754,3.5936485358424552,79.06026778853402,4052,/nfs/team361/mv11/outputs/2025-08-22/11-06-41-MERFISH_mouse_cortex/checkpoints/epoch=749.ckpt,mouse2_slice249_0,749,/nfs/team361/mv11/scgg-reproducibility/experiments/LUNA/MERFISH_mouse_cortex_test_only/model_11-06-41-MERFISH_epoch_749
749,0.2584769587684883,0.4601211160793655,0.3869660092172424,0.2584769587684883,17.46232071061775,3.421485681545116,75.27268499399256,3564,/nfs/team361/mv11/outputs/2025-08-22/11-06-41-MERFISH_mouse_cortex/checkpoints/epoch=749.ckpt,mouse2_slice261_0,749,/nfs/team361/mv11/scgg-reproducibility/experiments/LUNA/MERFISH_mouse_cortex_test_only/model_11-06-41-MERFISH_epoch_749
749,0.2271600146132066,0.3428173018942685,0.2970756906283421,0.2271600146132066,21.79513712945309,4.138060848990488,91.03733867779071,4186,/nfs/team361/mv11/outputs/2025-08-22/11-06-41-MERFISH_mouse_cortex/checkpoints/epoch=749.ckpt,mouse2_slice139_0,749,/nfs/team361/mv11/scgg-reproducibility/experiments/LUNA/MERFISH_mouse_cortex_test_only/model_11-06-41-MERFISH_epoch_749
749,0.2616955034961465,0.4407976756666132,0.3785078218153458,0.2616955034961465,16.6996385558189,3.177605682410864,69.907325013039,2800,/nfs/team361/mv11/outputs/2025-08-22/11-06-41-MERFISH_mouse_cortex/checkpoints/epoch=749.ckpt,mouse2_slice319_0,749,/nfs/team361/mv11/scgg-reproducibility/experiments/LUNA/MERFISH_mouse_cortex_test_only/model_11-06-41-MERFISH_epoch_749
749,0.2433882145497315,0.4087763446075279,0.3130598098926441,0.2433882145497315,22.524945648856875,4.416770850763252,97.16895871679154,4529,/nfs/team361/mv11/outputs/2025-08-22/11-06-41-MERFISH_mouse_cortex/checkpoints/epoch=749.ckpt,mouse2_slice160_0,749,/nfs/team361/mv11/scgg-reproducibility/experiments/LUNA/MERFISH_mouse_cortex_test_only/model_11-06-41-MERFISH_epoch_749
749,0.2713027594858566,0.4647988702723756,0.3662420585478736,0.2713027594858566,21.7669687341644,4.0418555764801125,92.9626782590426,5021,/nfs/team361/mv11/outputs/2025-08-22/11-06-41-MERFISH_mouse_cortex/checkpoints/epoch=749.ckpt,mouse2_slice119_0,749,/nfs/team361/mv11/scgg-reproducibility/experiments/LUNA/MERFISH_mouse_cortex_test_only/model_11-06-41-MERFISH_epoch_749
749,0.2594948500466571,0.4381836574563982,0.3374832935993088,0.2594948500466571,22.15971448671328,4.172373985258153,95.9646016609375,4991,/nfs/team361/mv11/outputs/2025-08-22/11-06-41-MERFISH_mouse_cortex/checkpoints/epoch=749.ckpt,mouse2_slice151_0,749,/nfs/team361/mv11/scgg-reproducibility/experiments/LUNA/MERFISH_mouse_cortex_test_only/model_11-06-41-MERFISH_epoch_749
749,0.2516119786447229,0.4199682547842132,0.3437548829570216,0.2516119786447229,21.43120631227189,4.093954008927419,90.06698819640322,4389,/nfs/team361/mv11/outputs/2025-08-22/11-06-41-MERFISH_mouse_cortex/checkpoints/epoch=749.ckpt,mouse2_slice189_0,749,/nfs/team361/mv11/scgg-reproducibility/experiments/LUNA/MERFISH_mouse_cortex_test_only/model_11-06-41-MERFISH_epoch_749
749,0.2709920410669579,0.4628667213071941,0.3601591281295389,0.2709920410669579,18.70957071781862,3.577926457101709,78.7143820562376,3560,/nfs/team361/mv11/outputs/2025-08-22/11-06-41-MERFISH_mouse_cortex/checkpoints/epoch=749.ckpt,mouse2_slice219_0,749,/nfs/team361/mv11/scgg-reproducibility/experiments/LUNA/MERFISH_mouse_cortex_test_only/model_11-06-41-MERFISH_epoch_749
749,0.2404906625594763,0.3699971971533702,0.305540473200885,0.2404906625594763,14.467693860362449,2.4566255185956383,54.04576140910404,1706,/nfs/team361/mv11/outputs/2025-08-22/11-06-41-MERFISH_mouse_cortex/checkpoints/epoch=749.ckpt,mouse2_slice1_0,749,/nfs/team361/mv11/scgg-reproducibility/experiments/LUNA/MERFISH_mouse_cortex_test_only/model_11-06-41-MERFISH_epoch_749
749,0.277651118935722,0.4859155327231563,0.4111085971606881,0.277651118935722,17.25676598925031,3.255719430986029,71.62582748169264,3296,/nfs/team361/mv11/outputs/2025-08-22/11-06-41-MERFISH_mouse_cortex/checkpoints/epoch=749.ckpt,mouse2_slice309_0,749,/nfs/team361/mv11/scgg-reproducibility/experiments/LUNA/MERFISH_mouse_cortex_test_only/model_11-06-41-MERFISH_epoch_749
749,0.2514891493274457,0.4217633200646888,0.3092301781284731,0.2514891493274457,22.298816589013548,4.1810811433517685,96.16486629709068,5155,/nfs/team361/mv11/outputs/2025-08-22/11-06-41-MERFISH_mouse_cortex/checkpoints/epoch=749.ckpt,mouse2_slice129_0,749,/nfs/team361/mv11/scgg-reproducibility/experiments/LUNA/MERFISH_mouse_cortex_test_only/model_11-06-41-MERFISH_epoch_749
749,0.2764916491764023,0.501097905109316,0.4060005387663072,0.2764916491764023,18.731795559161053,3.5601938843764063,78.32426545628094,3733,/nfs/team361/mv11/outputs/2025-08-22/11-06-41-MERFISH_mouse_cortex/checkpoints/epoch=749.ckpt,mouse2_slice201_0,749,/nfs/team361/mv11/scgg-reproducibility/experiments/LUNA/MERFISH_mouse_cortex_test_only/model_11-06-41-MERFISH_epoch_749
749,0.286516547167513,0.4863226153908895,0.4113529574515808,0.286516547167513,17.121600449548087,3.3155525412395708,72.94215590727056,3780,/nfs/team361/mv11/outputs/2025-08-22/11-06-41-MERFISH_mouse_cortex/checkpoints/epoch=749.ckpt,mouse2_slice300_0,749,/nfs/team361/mv11/scgg-reproducibility/experiments/LUNA/MERFISH_mouse_cortex_test_only/model_11-06-41-MERFISH_epoch_749
749,0.2619284694859722,0.4048604171857493,0.3542653027367525,0.2619284694859722,18.214558244539827,3.1272614433018875,71.92701319594342,2905,/nfs/team361/mv11/outputs/2025-08-22/11-06-41-MERFISH_mouse_cortex/checkpoints/epoch=749.ckpt,mouse2_slice50_0,749,/nfs/team361/mv11/scgg-reproducibility/experiments/LUNA/MERFISH_mouse_cortex_test_only/model_11-06-41-MERFISH_epoch_749
749,0.2907042043339276,0.459419496207867,0.4060826108770754,0.2907042043339276,18.00807471372892,3.291202055979907,72.40644523155795,3192,/nfs/team361/mv11/outputs/2025-08-22/11-06-41-MERFISH_mouse_cortex/checkpoints/epoch=749.ckpt,mouse2_slice40_0,749,/nfs/team361/mv11/scgg-reproducibility/experiments/LUNA/MERFISH_mouse_cortex_test_only/model_11-06-41-MERFISH_epoch_749
749,0.3007353298653313,0.4946606888666376,0.4177999872277289,0.3007353298653313,20.062485523823884,3.53614866292805,81.33141924734515,4057,/nfs/team361/mv11/outputs/2025-08-22/11-06-41-MERFISH_mouse_cortex/checkpoints/epoch=749.ckpt,mouse2_slice70_0,749,/nfs/team361/mv11/scgg-reproducibility/experiments/LUNA/MERFISH_mouse_cortex_test_only/model_11-06-41-MERFISH_epoch_749
749,0.1951146945940317,0.2307670477019451,0.2140074845674796,0.1951146945940317,12.907783133839487,2.3254761090075684,46.50952218015137,1160,/nfs/team361/mv11/outputs/2025-08-22/11-06-41-MERFISH_mouse_cortex/checkpoints/epoch=749.ckpt,mouse2_slice10_0,749,/nfs/team361/mv11/scgg-reproducibility/experiments/LUNA/MERFISH_mouse_cortex_test_only/model_11-06-41-MERFISH_epoch_749
749,0.2861740780565729,0.4681857215832254,0.4020493191007717,0.2861740780565729,17.401347317891418,3.1329182834178595,72.05712051861077,3316,/nfs/team361/mv11/outputs/2025-08-22/11-06-41-MERFISH_mouse_cortex/checkpoints/epoch=749.ckpt,mouse2_slice61_0,749,/nfs/team361/mv11/scgg-reproducibility/experiments/LUNA/MERFISH_mouse_cortex_test_only/model_11-06-41-MERFISH_epoch_749
999,0.2713130819878675,0.4839547842575094,0.3932489596918114,0.2713130819878675,20.024328513117588,3.798832520647163,83.57431545423759,3851,/nfs/team361/mv11/outputs/2025-08-22/11-06-41-MERFISH_mouse_cortex/checkpoints/epoch=999.ckpt,mouse2_slice280_0,999,/nfs/team361/mv11/scgg-reproducibility/experiments/LUNA/MERFISH_mouse_cortex_test_only/model_11-06-41-MERFISH_epoch_999
999,0.206238008121012,0.2858942740601856,0.2565854870963514,0.206238008121012,9.786364992891269,1.504028754953004,34.59266136391909,670,/nfs/team361/mv11/outputs/2025-08-22/11-06-41-MERFISH_mouse_cortex/checkpoints/epoch=999.ckpt,mouse2_slice20_0,999,/nfs/team361/mv11/scgg-reproducibility/experiments/LUNA/MERFISH_mouse_cortex_test_only/model_11-06-41-MERFISH_epoch_999
999,0.29045568485323,0.5086243730304769,0.42111794362162,0.29045568485323,19.82468270175474,3.861743838953707,84.95836445698156,4360,/nfs/team361/mv11/outputs/2025-08-22/11-06-41-MERFISH_mouse_cortex/checkpoints/epoch=999.ckpt,mouse2_slice289_0,999,/nfs/team361/mv11/scgg-reproducibility/experiments/LUNA/MERFISH_mouse_cortex_test_only/model_11-06-41-MERFISH_epoch_999
999,0.2541724412741983,0.42159382906656,0.3260613543955111,0.2541724412741983,22.778291199898565,4.239376005282051,97.50564812148716,5180,/nfs/team361/mv11/outputs/2025-08-22/11-06-41-MERFISH_mouse_cortex/checkpoints/epoch=999.ckpt,mouse2_slice109_0,999,/nfs/team361/mv11/scgg-reproducibility/experiments/LUNA/MERFISH_mouse_cortex_test_only/model_11-06-41-MERFISH_epoch_999
999,0.2567434078721201,0.4251081850170127,0.346132890311069,0.2567434078721201,22.744500315712028,4.158558380501067,95.64684275152456,4946,/nfs/team361/mv11/outputs/2025-08-22/11-06-41-MERFISH_mouse_cortex/checkpoints/epoch=999.ckpt,mouse2_slice90_0,999,/nfs/team361/mv11/scgg-reproducibility/experiments/LUNA/MERFISH_mouse_cortex_test_only/model_11-06-41-MERFISH_epoch_999
999,0.2659728886466988,0.4192273336718575,0.3622833020412716,0.2659728886466988,15.22655871536926,2.4400483203130987,56.12111136720127,2037,/nfs/team361/mv11/outputs/2025-08-22/11-06-41-MERFISH_mouse_cortex/checkpoints/epoch=999.ckpt,mouse2_slice31_0,999,/nfs/team361/mv11/scgg-reproducibility/experiments/LUNA/MERFISH_mouse_cortex_test_only/model_11-06-41-MERFISH_epoch_999
999,0.274669143255166,0.4809938016406366,0.3622976181362407,0.274669143255166,21.482788280350093,3.8812862553220806,89.26958387240785,5050,/nfs/team361/mv11/outputs/2025-08-22/11-06-41-MERFISH_mouse_cortex/checkpoints/epoch=999.ckpt,mouse2_slice169_0,999,/nfs/team361/mv11/scgg-reproducibility/experiments/LUNA/MERFISH_mouse_cortex_test_only/model_11-06-41-MERFISH_epoch_999
999,0.302262207486033,0.5400390249057774,0.4271725869938089,0.302262207486033,20.491146795751888,3.996291855144339,87.91842081317546,5047,/nfs/team361/mv11/outputs/2025-08-22/11-06-41-MERFISH_mouse_cortex/checkpoints/epoch=999.ckpt,mouse2_slice229_0,999,/nfs/team361/mv11/scgg-reproducibility/experiments/LUNA/MERFISH_mouse_cortex_test_only/model_11-06-41-MERFISH_epoch_999
999,0.2739505649274196,0.454356511420841,0.3599697214484928,0.2739505649274196,22.976900598757737,4.220371232668304,97.068538351371,5235,/nfs/team361/mv11/outputs/2025-08-22/11-06-41-MERFISH_mouse_cortex/checkpoints/epoch=999.ckpt,mouse2_slice99_0,999,/nfs/team361/mv11/scgg-reproducibility/experiments/LUNA/MERFISH_mouse_cortex_test_only/model_11-06-41-MERFISH_epoch_999
999,0.2646066057482057,0.4629361990171684,0.3796444496160806,0.2646066057482057,19.860693935925493,3.565358606694096,82.0032479539642,3870,/nfs/team361/mv11/outputs/2025-08-22/11-06-41-MERFISH_mouse_cortex/checkpoints/epoch=999.ckpt,mouse2_slice79_0,999,/nfs/team361/mv11/scgg-reproducibility/experiments/LUNA/MERFISH_mouse_cortex_test_only/model_11-06-41-MERFISH_epoch_999
999,0.2806188003765528,0.4686403618267376,0.3930859300286664,0.2806188003765528,21.060021136867714,4.06633151330058,89.45929329261276,4317,/nfs/team361/mv11/outputs/2025-08-22/11-06-41-MERFISH_mouse_cortex/checkpoints/epoch=999.ckpt,mouse2_slice209_0,999,/nfs/team361/mv11/scgg-reproducibility/experiments/LUNA/MERFISH_mouse_cortex_test_only/model_11-06-41-MERFISH_epoch_999
999,0.2853191019117767,0.5254131093744899,0.4527898230547486,0.2853191019117767,18.923012834048663,3.622952801853445,79.70496164077579,4081,/nfs/team361/mv11/outputs/2025-08-22/11-06-41-MERFISH_mouse_cortex/checkpoints/epoch=999.ckpt,mouse2_slice270_0,999,/nfs/team361/mv11/scgg-reproducibility/experiments/LUNA/MERFISH_mouse_cortex_test_only/model_11-06-41-MERFISH_epoch_999
999,0.3020129567106476,0.5538867512652752,0.4872592785591187,0.3020129567106476,18.38698258733712,3.524455893895592,77.53802966570302,4052,/nfs/team361/mv11/outputs/2025-08-22/11-06-41-MERFISH_mouse_cortex/checkpoints/epoch=999.ckpt,mouse2_slice249_0,999,/nfs/team361/mv11/scgg-reproducibility/experiments/LUNA/MERFISH_mouse_cortex_test_only/model_11-06-41-MERFISH_epoch_999
999,0.2639752286483328,0.4789548094152177,0.4069929756818108,0.2639752286483328,17.064635315917723,3.3359807061195066,73.39157553462914,3564,/nfs/team361/mv11/outputs/2025-08-22/11-06-41-MERFISH_mouse_cortex/checkpoints/epoch=999.ckpt,mouse2_slice261_0,999,/nfs/team361/mv11/scgg-reproducibility/experiments/LUNA/MERFISH_mouse_cortex_test_only/model_11-06-41-MERFISH_epoch_999
999,0.230731116996986,0.3579475294102583,0.3137955859041986,0.230731116996986,21.427854317264085,4.0708728859088605,89.55920348999493,4186,/nfs/team361/mv11/outputs/2025-08-22/11-06-41-MERFISH_mouse_cortex/checkpoints/epoch=999.ckpt,mouse2_slice139_0,999,/nfs/team361/mv11/scgg-reproducibility/experiments/LUNA/MERFISH_mouse_cortex_test_only/model_11-06-41-MERFISH_epoch_999
999,0.2632139029245138,0.4535896838580135,0.3913520001289776,0.2632139029245138,16.318636366660773,3.1028261659347027,68.26217565056346,2800,/nfs/team361/mv11/outputs/2025-08-22/11-06-41-MERFISH_mouse_cortex/checkpoints/epoch=999.ckpt,mouse2_slice319_0,999,/nfs/team361/mv11/scgg-reproducibility/experiments/LUNA/MERFISH_mouse_cortex_test_only/model_11-06-41-MERFISH_epoch_999
999,0.2464846698642241,0.4206389454022659,0.3234691781787889,0.2464846698642241,22.37037352332481,4.3741351786705405,96.23097393075189,4529,/nfs/team361/mv11/outputs/2025-08-22/11-06-41-MERFISH_mouse_cortex/checkpoints/epoch=999.ckpt,mouse2_slice160_0,999,/nfs/team361/mv11/scgg-reproducibility/experiments/LUNA/MERFISH_mouse_cortex_test_only/model_11-06-41-MERFISH_epoch_999
999,0.2700966696845361,0.4665321931143279,0.3700813870718361,0.2700966696845361,21.37916708843809,3.9664664312316993,91.22872791832908,5021,/nfs/team361/mv11/outputs/2025-08-22/11-06-41-MERFISH_mouse_cortex/checkpoints/epoch=999.ckpt,mouse2_slice119_0,999,/nfs/team361/mv11/scgg-reproducibility/experiments/LUNA/MERFISH_mouse_cortex_test_only/model_11-06-41-MERFISH_epoch_999
999,0.260635982699112,0.4421329131993624,0.3383929321595525,0.260635982699112,22.151573513511813,4.166487972036607,95.82922335684196,4991,/nfs/team361/mv11/outputs/2025-08-22/11-06-41-MERFISH_mouse_cortex/checkpoints/epoch=999.ckpt,mouse2_slice151_0,999,/nfs/team361/mv11/scgg-reproducibility/experiments/LUNA/MERFISH_mouse_cortex_test_only/model_11-06-41-MERFISH_epoch_999
999,0.2551718838108431,0.4317753414292821,0.358465691475384,0.2551718838108431,21.08945732841375,4.030520478023339,88.67145051651346,4389,/nfs/team361/mv11/outputs/2025-08-22/11-06-41-MERFISH_mouse_cortex/checkpoints/epoch=999.ckpt,mouse2_slice189_0,999,/nfs/team361/mv11/scgg-reproducibility/experiments/LUNA/MERFISH_mouse_cortex_test_only/model_11-06-41-MERFISH_epoch_999
999,0.2724679637949051,0.471127916866189,0.3724906587723384,0.2724679637949051,18.636251310143702,3.558427888422905,78.28541354530391,3560,/nfs/team361/mv11/outputs/2025-08-22/11-06-41-MERFISH_mouse_cortex/checkpoints/epoch=999.ckpt,mouse2_slice219_0,999,/nfs/team361/mv11/scgg-reproducibility/experiments/LUNA/MERFISH_mouse_cortex_test_only/model_11-06-41-MERFISH_epoch_999
999,0.2441348771968426,0.3831560161807794,0.3170986564463637,0.2441348771968426,14.2833822746454,2.42650644550107,53.38314180102354,1706,/nfs/team361/mv11/outputs/2025-08-22/11-06-41-MERFISH_mouse_cortex/checkpoints/epoch=999.ckpt,mouse2_slice1_0,999,/nfs/team361/mv11/scgg-reproducibility/experiments/LUNA/MERFISH_mouse_cortex_test_only/model_11-06-41-MERFISH_epoch_999
999,0.2805939419832933,0.5022315189616051,0.4255257781695715,0.2805939419832933,16.987429065769646,3.210671652036966,70.63477634481325,3296,/nfs/team361/mv11/outputs/2025-08-22/11-06-41-MERFISH_mouse_cortex/checkpoints/epoch=999.ckpt,mouse2_slice309_0,999,/nfs/team361/mv11/scgg-reproducibility/experiments/LUNA/MERFISH_mouse_cortex_test_only/model_11-06-41-MERFISH_epoch_999
999,0.2530067153803362,0.4204808630220931,0.3115743509723465,0.2530067153803362,22.050159299568,4.141706823570575,95.25925694212324,5155,/nfs/team361/mv11/outputs/2025-08-22/11-06-41-MERFISH_mouse_cortex/checkpoints/epoch=999.ckpt,mouse2_slice129_0,999,/nfs/team361/mv11/scgg-reproducibility/experiments/LUNA/MERFISH_mouse_cortex_test_only/model_11-06-41-MERFISH_epoch_999
999,0.2785933520725604,0.5081167594184796,0.4154257593616075,0.2785933520725604,18.698870298166025,3.5497502743018114,78.09450603463985,3733,/nfs/team361/mv11/outputs/2025-08-22/11-06-41-MERFISH_mouse_cortex/checkpoints/epoch=999.ckpt,mouse2_slice201_0,999,/nfs/team361/mv11/scgg-reproducibility/experiments/LUNA/MERFISH_mouse_cortex_test_only/model_11-06-41-MERFISH_epoch_999
999,0.2914225229652591,0.4997457844413964,0.4279663835155822,0.2914225229652591,16.4812534682149,3.192644956973159,70.2381890534095,3780,/nfs/team361/mv11/outputs/2025-08-22/11-06-41-MERFISH_mouse_cortex/checkpoints/epoch=999.ckpt,mouse2_slice300_0,999,/nfs/team361/mv11/scgg-reproducibility/experiments/LUNA/MERFISH_mouse_cortex_test_only/model_11-06-41-MERFISH_epoch_999
999,0.2606079572125574,0.4050950326632546,0.3563158584849652,0.2606079572125574,18.122796558011565,3.107793469612217,71.479249801081,2905,/nfs/team361/mv11/outputs/2025-08-22/11-06-41-MERFISH_mouse_cortex/checkpoints/epoch=999.ckpt,mouse2_slice50_0,999,/nfs/team361/mv11/scgg-reproducibility/experiments/LUNA/MERFISH_mouse_cortex_test_only/model_11-06-41-MERFISH_epoch_999
999,0.2872621170113336,0.4584701059994682,0.4078474960319391,0.2872621170113336,17.948234317668813,3.287067860891,72.31549293960201,3192,/nfs/team361/mv11/outputs/2025-08-22/11-06-41-MERFISH_mouse_cortex/checkpoints/epoch=999.ckpt,mouse2_slice40_0,999,/nfs/team361/mv11/scgg-reproducibility/experiments/LUNA/MERFISH_mouse_cortex_test_only/model_11-06-41-MERFISH_epoch_999
999,0.301972628713112,0.4979918457454313,0.422285226858767,0.301972628713112,20.04011156254101,3.5444663698575725,81.52272650672417,4057,/nfs/team361/mv11/outputs/2025-08-22/11-06-41-MERFISH_mouse_cortex/checkpoints/epoch=999.ckpt,mouse2_slice70_0,999,/nfs/team361/mv11/scgg-reproducibility/experiments/LUNA/MERFISH_mouse_cortex_test_only/model_11-06-41-MERFISH_epoch_999
999,0.1977477611496236,0.2365617430063386,0.225601120148447,0.1977477611496236,12.787790110626794,2.302675227757834,46.053504555156685,1160,/nfs/team361/mv11/outputs/2025-08-22/11-06-41-MERFISH_mouse_cortex/checkpoints/epoch=999.ckpt,mouse2_slice10_0,999,/nfs/team361/mv11/scgg-reproducibility/experiments/LUNA/MERFISH_mouse_cortex_test_only/model_11-06-41-MERFISH_epoch_999
999,0.2872493527428602,0.4771838565691261,0.4125987041871624,0.2872493527428602,17.39042814213566,3.1311736418214924,72.01699376189433,3316,/nfs/team361/mv11/outputs/2025-08-22/11-06-41-MERFISH_mouse_cortex/checkpoints/epoch=999.ckpt,mouse2_slice61_0,999,/nfs/team361/mv11/scgg-reproducibility/experiments/LUNA/MERFISH_mouse_cortex_test_only/model_11-06-41-MERFISH_epoch_999
